{
	"variables": [],
	"info": {
		"name": "locus",
		"_postman_id": "5416989b-e520-5741-f591-95d1ff70dee1",
		"description": "",
		"schema": "https://schema.getpostman.com/json/collection/v2.0.0/collection.json"
	},
	"item": [
		{
			"name": "tasks - Add",
			"request": {
				"url": "http://localhost:8080/task/",
				"method": "POST",
				"header": [
					{
						"key": "Authorization",
						"value": "Basic YWRtaW46cGFzc3dvcmQ=",
						"description": ""
					},
					{
						"key": "Content-Type",
						"value": "application/json",
						"description": ""
					}
				],
				"body": {
					"mode": "raw",
					"raw": "{\r\n\t\"name\": \"Firsttasks\",\r\n    \"description\": \"The first tasks\"\r\n}\r\n"
				},
				"description": ""
			},
			"response": []
		},
		{
			"name": "tasks - List",
			"request": {
				"url": "http://localhost:8080/task/",
				"method": "GET",
				"header": [
					{
						"key": "Authorization",
						"value": "Basic YWRtaW46cGFzc3dvcmQ=",
						"description": ""
					},
					{
						"key": "Content-Type",
						"value": "application/json",
						"description": ""
					}
				],
				"body": {
					"mode": "raw",
					"raw": "{\r\n\t\"name\": \"Firsttasks\",\r\n    \"description\": \"The first tasks\"\r\n}\r\n"
				},
				"description": ""
			},
			"response": []
		},
		{
			"name": "tasks - Assign PM",
			"request": {
				"url": "http://localhost:8080/task/1/pm/",
				"method": "PUT",
				"header": [
					{
						"key": "Authorization",
						"value": "Basic YWRtaW46cGFzc3dvcmQ=",
						"description": ""
					},
					{
						"key": "Content-Type",
						"value": "text/plain",
						"description": ""
					}
				],
				"body": {
					"mode": "raw",
					"raw": "pm1"
				},
				"description": ""
			},
			"response": []
		},
		{
			"name": "tasks - Assign Developer",
			"request": {
				"url": "http://localhost:8080/task/1/users/",
				"method": "POST",
				"header": [
					{
						"key": "Authorization",
						"value": "Basic cG0xOnBhc3N3b3Jk",
						"description": ""
					},
					{
						"key": "Content-Type",
						"value": "application/json",
						"description": ""
					}
				],
				"body": {
					"mode": "raw",
					"raw": "{\r\n\t\"name\": \"dev1\",\r\n\t\"role\": \"DEVELOPER\"\r\n}"
				},
				"description": ""
			},
			"response": []
		},
		{
			"name": "tasks - Assign Tester",
			"request": {
				"url": "http://localhost:8080/task/1/users/",
				"method": "POST",
				"header": [
					{
						"key": "Authorization",
						"value": "Basic cG0xOnBhc3N3b3Jk",
						"description": ""
					},
					{
						"key": "Content-Type",
						"value": "application/json",
						"description": ""
					}
				],
				"body": {
					"mode": "raw",
					"raw": "{\r\n\t\"name\": \"test1\",\r\n\t\"role\": \"TESTER\"\r\n}"
				},
				"description": ""
			},
			"response": []
		},
		{
			"name": "tasks - List Users",
			"request": {
				"url": "http://localhost:8080/task/1/users/",
				"method": "GET",
				"header": [
					{
						"key": "Authorization",
						"value": "Basic cG0xOnBhc3N3b3Jk",
						"description": ""
					}
				],
				"body": {
					"mode": "formdata",
					"formdata": []
				},
				"description": ""
			},
			"response": []
		},
		{
			"name": "tasks - Delete User",
			"request": {
				"url": "http://localhost:8080/task/1/users/dev1",
				"method": "DELETE",
				"header": [
					{
						"key": "Authorization",
						"value": "Basic cG0xOnBhc3N3b3Jk",
						"description": ""
					}
				],
				"body": {
					"mode": "formdata",
					"formdata": []
				},
				"description": ""
			},
			"response": []
		},
		{
			"name": "tasks - View",
			"request": {
				"url": "http://localhost:8080/task/1/",
				"method": "GET",
				"header": [
					{
						"key": "Authorization",
						"value": "Basic cG0xOnBhc3N3b3Jk",
						"description": ""
					},
					{
						"key": "Content-Type",
						"value": "application/json",
						"description": ""
					}
				],
				"body": {
					"mode": "raw",
					"raw": "{\r\n\t\"name\": \"Firsttasks\",\r\n    \"description\": \"The first tasks\"\r\n}\r\n"
				},
				"description": ""
			},
			"response": []
		},
		{
			"name": "tasks - Delete",
			"request": {
				"url": "http://localhost:8080/task/1/",
				"method": "DELETE",
				"header": [
					{
						"key": "Authorization",
						"value": "Basic YWRtaW46cGFzc3dvcmQ=",
						"description": ""
					}
				],
				"body": {
					"mode": "raw",
					"raw": ""
				},
				"description": ""
			},
			"response": []
		},
		{
			"name": "resource - List ",
			"request": {
				"url": "http://localhost:8080/task/1/resource/",
				"method": "GET",
				"header": [
					{
						"key": "Authorization",
						"value": "Basic cG0xOnBhc3N3b3Jk",
						"description": ""
					}
				],
				"body": {
					"mode": "raw",
					"raw": ""
				},
				"description": ""
			},
			"response": []
		},
		{
			"name": "resource - Create",
			"request": {
				"url": "http://localhost:8080/task/1/resource/",
				"method": "POST",
				"header": [
					{
						"key": "Authorization",
						"value": "Basic cG0xOnBhc3N3b3Jk",
						"description": ""
					},
					{
						"key": "Content-Type",
						"value": "application/json",
						"description": ""
					}
				],
				"body": {
					"mode": "raw",
					"raw": "{\r\n\t\"type\": \"task\",\r\n\t\"name\": \"task1\",\r\n\t\"description\": \"First task\"\r\n}"
				},
				"description": ""
			},
			"response": []
		},
		{
			"name": "resource - Update",
			"request": {
				"url": "http://localhost:8080/task/1/resource/1/",
				"method": "PUT",
				"header": [
					{
						"key": "Authorization",
						"value": "Basic cG0xOnBhc3N3b3Jk",
						"description": ""
					},
					{
						"key": "Content-Type",
						"value": "application/json",
						"description": ""
					}
				],
				"body": {
					"mode": "raw",
					"raw": "{\r\n\t\"type\": \"task\",\r\n\t\"name\": \"task1\",\r\n\t\"description\": \"First task, after update\"\r\n}"
				},
				"description": ""
			},
			"response": []
		},
		{
			"name": "resource - Delete",
			"request": {
				"url": "http://localhost:8080/task/1/resource/1/",
				"method": "DELETE",
				"header": [
					{
						"key": "Authorization",
						"value": "Basic cG0xOnBhc3N3b3Jk",
						"description": ""
					}
				],
				"body": {
					"mode": "raw",
					"raw": ""
				},
				"description": ""
			},
			"response": []
		},
		{
			"name": "resource - Assign",
			"request": {
				"url": "http://localhost:8080/task/1/resource/1/assignee",
				"method": "PUT",
				"header": [
					{
						"key": "Authorization",
						"value": "Basic cG0xOnBhc3N3b3Jk",
						"description": ""
					},
					{
						"key": "Content-Type",
						"value": "text/plain",
						"description": ""
					}
				],
				"body": {
					"mode": "raw",
					"raw": "dev1"
				},
				"description": ""
			},
			"response": []
		},
		{
			"name": "resource - Change Status",
			"request": {
				"url": "http://localhost:8080/task/1/resource/1/status",
				"method": "PUT",
				"header": [
					{
						"key": "Authorization",
						"value": "Basic cG0xOnBhc3N3b3Jk",
						"description": ""
					},
					{
						"key": "Content-Type",
						"value": "text/plain",
						"description": ""
					}
				],
				"body": {
					"mode": "raw",
					"raw": "COMPLETED"
				},
				"description": ""
			},
			"response": []
		}
	]
}