[
	{
		"name": "Admin",
		"description": "Admin can do all.",
		"target": "subject.hasRole('ADMIN',subject.role)",
		"condition": "true"
	},
	{
		"name": "PM view his project",
		"description": "PM read the details of his project only.",
		"target": "subject.hasRole('PM',subject.role) && action == 'VIEW'",
		"condition": "subject.project.id == resource.id"
	},
	{
		"name": "PM view his project's issues",
		"description": "PM can view the issues of his project only.",
		"target": "subject.hasRole('PM',subject.role) && action == 'LIST'",
		"condition": "subject.project.id == resource.id"
	},
	{
		"name": "PM manages project's users",
		"description": "PM can manage users of his project only.",
		"target": "subject.hasRole('PM',subject.role) && {'ADD','USERS_LIST','REMOVE'}.contains(action)",
		"condition": "subject.project.id == resource.id"
	},
	{
		"name": "PM manages project's issues ",
		"description": "PM can manage issues of his project only.",
		"target": "subject.hasRole('PM',subject.role) && {'CREATE', 'UPDATE', 'DELTE', 'ASSIGN', 'STATUS_CLOSE'}.contains(action)",
		"condition": "subject.project.id == resource.project.id"
	},
	{
		"name": "PM creates an issue",
		"description": "PM can add new issues to his project only.",
		"target": "subject.hasRole('PM',subject.role) && action == 'CREATE'",
		"condition": "subject.project.id == resource.project.id"
	},
	{
		"name": "PM assigns issues",
		"description": "PM can assign an issue (in his project only) to a user.",
		"target": "subject.hasRole('PM',subject.role) && action == 'ASSIGN'",
		"condition": "subject.project.id == resource.project.id"
	},
	{
		"name": "Tester creates a bug",
		"description": "Tester can add bugs (and only bugs) to his project",
		"target": "subject.hasRole('TESTER',subject.role) && action == 'CREATE'",
		"condition": "subject.project.id == resource.project.id && resource.type.name() == 'BUG'"
	},
	{
		"name": "User completes an issue",
		"description": "Users can compelete issues assigned to them.",
		"target": "action == 'STATUS_CLOSE'",
		"condition": "subject.project.id == resource.project.id && subject.name == resource.assignedTo"
	},
	{
		"name": "Sudo Developer can create  and close issue created by him",
		"description": "Sudo Developer can create and close issue created by him",
		"target": "subject.hasRole('DEVELOPER',subject.role) && action == 'STATUS_CLOSE' && action =='CREATE'",
		"condition": "subject.project.id == resource.project.id && subject.name == resource.assignedTo"
	}
]
